<?xml version='1.0' encoding='UTF-8'?>
<widget xmlns="http://www.w3.org/ns/widgets" xmlns:intelxdk="http://xdk.intel.com/ns/v1" id="not.yet.specified" version="0.0.1">
<!--This file is generated by the Intel XDK. Do not edit this file as your edits will be lost.           -->
<!--To change the contents of this file, see the documentation on the intelxdk.config.additions.xml file.-->
<intelxdk:version value="1.0"/>
<name>plantilla</name>
<content src="index.html"/>
<access origin="*"/>
<intelxdk:plugin intelxdk:name="Keyboard" intelxdk:value="com.ionic.keyboard" intelxdk:version="1.0.4" intelxdk:checksum="3cf42de2" intelxdk:type="file"/>
<intelxdk:plugin intelxdk:name="Console" intelxdk:value="cordova-plugin-console" intelxdk:version="1.0.2" intelxdk:checksum="ad075077" intelxdk:type="file"/>
<intelxdk:plugin intelxdk:name="Device" intelxdk:value="cordova-plugin-device" intelxdk:version="1.1.1" intelxdk:checksum="927290ca" intelxdk:type="file"/>
<intelxdk:plugin intelxdk:name="Splashscreen" intelxdk:value="cordova-plugin-splashscreen" intelxdk:version="3.2.1" intelxdk:checksum="59ef7c26" intelxdk:type="file"/>
<intelxdk:plugin intelxdk:name="Whitelist" intelxdk:value="cordova-plugin-whitelist" intelxdk:version="1.2.1" intelxdk:checksum="c2b7660b" intelxdk:type="file"/>
<!--creationInfo:{"src":"","projectTypeName":"com.intel.xdk.projecttype.jsapp"}-->
<preference name="debuggable" value="false"/></widget>